{
  "env_id": "Hopper-v5",
  "seed": 0,
  "train_steps": 8,
  "test_steps": 4,
  "symbolic_source": "empty",
  "state_dim": 11,
  "action_dim": 3,
  "final_train_loss": 0.2758404016494751,
  "program_residual": {
    "identity_mse": 0.11391303688287735,
    "program_only_mse": 0.11391303688287735,
    "program_residual_mse": 0.11363067477941513,
    "mean_unknown_fraction": 1.0,
    "bin_accuracy": 0.20454545454545456
  },
  "symbolic_baselines": {
    "onelife_law_mixture": {
      "mean_log_probability": -86.39487420410171,
      "bin_accuracy": 0.22727272727272727
    },
    "poe_world": {
      "mean_log_probability": -86.39487420410171,
      "bin_accuracy": 0.1590909090909091
    }
  }
}